,count,mean,std,min,5%,25%,50%,75%,95%,max
age,1000000.0,50.660031,17.61299288299854,19.0,23.0,36.0,51.0,64.0,80.0,99.0
