education_level,n,pct
고등학교,331377,33.137699999999995
4년제 대학교,271256,27.1256
2~3년제 전문대학,150235,15.0235
중학교,85255,8.5255
초등학교,81239,8.1239
대학원,54323,5.432300000000001
무학,26315,2.6315
