province,n,pct
경기,262154,26.2154
서울,185228,18.5228
부산,65285,6.528499999999999
경상남,62416,6.2416
인천,58991,5.8991
경상북,50298,5.0298
대구,46934,4.6934
충청남,41456,4.1456
전라남,34391,3.4391
전북,34188,3.4188000000000005
충청북,31296,3.1296
강원,30200,3.02
대전,28646,2.8646000000000003
광주,27594,2.7594
울산,21317,2.1317
제주,12673,1.2673
세종,6933,0.6933
